com.fasterxml.jackson.core.util.DefaultPrettyPrinter,jump,116,117
com.fasterxml.jackson.core.util.DefaultPrettyPrinter,jump,152,154
com.fasterxml.jackson.core.util.DefaultPrettyPrinter,jump,163,167
com.fasterxml.jackson.core.util.DefaultPrettyPrinter,jump,167,168
com.fasterxml.jackson.core.util.DefaultPrettyPrinter,jump,171,172
com.fasterxml.jackson.core.util.DefaultPrettyPrinter,jump,178,179
com.fasterxml.jackson.core.util.DefaultPrettyPrinter,jump,181,182
com.fasterxml.jackson.core.util.DefaultPrettyPrinter,jump,193,194
com.fasterxml.jackson.core.util.DefaultPrettyPrinter,jump,196,197
com.fasterxml.jackson.core.util.DefaultPrettyPrinter,jump,230,231
com.fasterxml.jackson.core.util.DefaultPrettyPrinter,jump,267,268
com.fasterxml.jackson.core.util.DefaultPrettyPrinter,jump,276,277
com.fasterxml.jackson.core.util.DefaultPrettyPrinter,jump,299,300
com.fasterxml.jackson.core.util.DefaultPrettyPrinter,jump,325,326
com.fasterxml.jackson.core.util.DefaultPrettyPrinter,jump,328,329
com.fasterxml.jackson.core.util.DefaultPrettyPrinter,jump,339,340
com.fasterxml.jackson.core.util.DefaultPrettyPrinter,jump,369,370
com.fasterxml.jackson.core.util.DefaultPrettyPrinter,jump,372,373
