org.jsoup.nodes.FormElement,jump,63,64
org.jsoup.nodes.FormElement,jump,65,68
org.jsoup.nodes.FormElement,jump,82,83
org.jsoup.nodes.FormElement,jump,83,84
org.jsoup.nodes.FormElement,jump,84,85
org.jsoup.nodes.FormElement,jump,86,87
org.jsoup.nodes.FormElement,jump,90,91
org.jsoup.nodes.FormElement,jump,93,94
org.jsoup.nodes.FormElement,jump,97,98
org.jsoup.nodes.FormElement,jump,99,100
org.jsoup.nodes.FormElement,jump,102,104
org.jsoup.nodes.FormElement,jump,104,105
org.jsoup.nodes.FormElement,jump,105,106
