org.apache.commons.lang.time.DateUtils,jump,141,142
org.apache.commons.lang.time.DateUtils,jump,165,166
org.apache.commons.lang.time.DateUtils,jump,168,186
org.apache.commons.lang.time.DateUtils,jump,186,187
org.apache.commons.lang.time.DateUtils,jump,189,204
org.apache.commons.lang.time.DateUtils,jump,204,205
org.apache.commons.lang.time.DateUtils,jump,207,224
org.apache.commons.lang.time.DateUtils,jump,224,225
org.apache.commons.lang.time.DateUtils,jump,227,252
org.apache.commons.lang.time.DateUtils,jump,252,253
org.apache.commons.lang.time.DateUtils,jump,258,259
org.apache.commons.lang.time.DateUtils,jump,259,260
org.apache.commons.lang.time.DateUtils,jump,266,267
org.apache.commons.lang.time.DateUtils,jump,397,398
org.apache.commons.lang.time.DateUtils,jump,436,437
org.apache.commons.lang.time.DateUtils,jump,474,475
org.apache.commons.lang.time.DateUtils,jump,513,514
org.apache.commons.lang.time.DateUtils,jump,516,517
org.apache.commons.lang.time.DateUtils,jump,518,519
org.apache.commons.lang.time.DateUtils,jump,543,544
org.apache.commons.lang.time.DateUtils,jump,569,570
org.apache.commons.lang.time.DateUtils,jump,598,599
org.apache.commons.lang.time.DateUtils,jump,601,602
org.apache.commons.lang.time.DateUtils,jump,603,604
org.apache.commons.lang.time.DateUtils,jump,620,621
org.apache.commons.lang.time.DateUtils,jump,642,643
org.apache.commons.lang.time.DateUtils,jump,643,644
org.apache.commons.lang.time.DateUtils,jump,644,646
org.apache.commons.lang.time.DateUtils,jump,646,647
org.apache.commons.lang.time.DateUtils,jump,647,651
org.apache.commons.lang.time.DateUtils,jump,651,652
org.apache.commons.lang.time.DateUtils,switch,670,672,688
org.apache.commons.lang.time.DateUtils,jump,672,676
org.apache.commons.lang.time.DateUtils,jump,679,680
org.apache.commons.lang.time.DateUtils,jump,683,684
org.apache.commons.lang.time.DateUtils,jump,688,691
org.apache.commons.lang.time.DateUtils,jump,692,693
org.apache.commons.lang.time.DateUtils,jump,695,696
org.apache.commons.lang.time.DateUtils,jump,700,701
org.apache.commons.lang.time.DateUtils,jump,706,709
org.apache.commons.lang.time.DateUtils,jump,741,742
org.apache.commons.lang.time.DateUtils,jump,774,775
org.apache.commons.lang.time.DateUtils,switch,781,785,801,822
org.apache.commons.lang.time.DateUtils,jump,791,792
org.apache.commons.lang.time.DateUtils,switch,803,806,808,812,816
org.apache.commons.lang.time.DateUtils,jump,824,825
org.apache.commons.lang.time.DateUtils,jump,827,828
org.apache.commons.lang.time.DateUtils,jump,830,831
org.apache.commons.lang.time.DateUtils,jump,833,834
org.apache.commons.lang.time.DateUtils,jump,836,837
org.apache.commons.lang.time.DateUtils,jump,839,840
org.apache.commons.lang.time.DateUtils,jump,865,866
org.apache.commons.lang.time.DateUtils,jump,868,869
org.apache.commons.lang.time.DateUtils,jump,870,871
org.apache.commons.lang.time.DateUtils$DateIterator,jump,912,913
