com.fasterxml.jackson.databind.ObjectReader,jump,344,345
com.fasterxml.jackson.databind.ObjectReader,jump,354,355
com.fasterxml.jackson.databind.ObjectReader,jump,356,358
com.fasterxml.jackson.databind.ObjectReader,jump,377,378
com.fasterxml.jackson.databind.ObjectReader,jump,568,569
com.fasterxml.jackson.databind.ObjectReader,jump,600,601
com.fasterxml.jackson.databind.ObjectReader,jump,605,606
com.fasterxml.jackson.databind.ObjectReader,jump,655,656
com.fasterxml.jackson.databind.ObjectReader,jump,674,675
com.fasterxml.jackson.databind.ObjectReader,jump,680,681
com.fasterxml.jackson.databind.ObjectReader,jump,755,756
com.fasterxml.jackson.databind.ObjectReader,jump,756,759
com.fasterxml.jackson.databind.ObjectReader,jump,768,769
com.fasterxml.jackson.databind.ObjectReader,jump,885,886
com.fasterxml.jackson.databind.ObjectReader,jump,889,890
com.fasterxml.jackson.databind.ObjectReader,jump,1192,1193
com.fasterxml.jackson.databind.ObjectReader,jump,1207,1208
com.fasterxml.jackson.databind.ObjectReader,jump,1222,1223
com.fasterxml.jackson.databind.ObjectReader,jump,1238,1239
com.fasterxml.jackson.databind.ObjectReader,jump,1254,1255
com.fasterxml.jackson.databind.ObjectReader,jump,1265,1266
com.fasterxml.jackson.databind.ObjectReader,jump,1282,1283
com.fasterxml.jackson.databind.ObjectReader,jump,1299,1300
com.fasterxml.jackson.databind.ObjectReader,jump,1311,1312
com.fasterxml.jackson.databind.ObjectReader,jump,1342,1343
com.fasterxml.jackson.databind.ObjectReader,jump,1354,1355
com.fasterxml.jackson.databind.ObjectReader,jump,1366,1367
com.fasterxml.jackson.databind.ObjectReader,jump,1378,1379
com.fasterxml.jackson.databind.ObjectReader,jump,1390,1391
com.fasterxml.jackson.databind.ObjectReader,jump,1402,1403
com.fasterxml.jackson.databind.ObjectReader,jump,1456,1457
com.fasterxml.jackson.databind.ObjectReader,jump,1470,1471
com.fasterxml.jackson.databind.ObjectReader,jump,1489,1490
com.fasterxml.jackson.databind.ObjectReader,jump,1505,1506
com.fasterxml.jackson.databind.ObjectReader,jump,1526,1527
com.fasterxml.jackson.databind.ObjectReader,jump,1541,1542
com.fasterxml.jackson.databind.ObjectReader,jump,1553,1554
com.fasterxml.jackson.databind.ObjectReader,jump,1599,1600
com.fasterxml.jackson.databind.ObjectReader,jump,1600,1601
com.fasterxml.jackson.databind.ObjectReader,jump,1605,1606
com.fasterxml.jackson.databind.ObjectReader,jump,1609,1610
com.fasterxml.jackson.databind.ObjectReader,jump,1612,1613
com.fasterxml.jackson.databind.ObjectReader,jump,1623,1624
com.fasterxml.jackson.databind.ObjectReader,jump,1636,1637
com.fasterxml.jackson.databind.ObjectReader,jump,1637,1638
com.fasterxml.jackson.databind.ObjectReader,jump,1642,1643
com.fasterxml.jackson.databind.ObjectReader,jump,1646,1647
com.fasterxml.jackson.databind.ObjectReader,jump,1649,1650
com.fasterxml.jackson.databind.ObjectReader,jump,1657,1658
com.fasterxml.jackson.databind.ObjectReader,jump,1661,1665
com.fasterxml.jackson.databind.ObjectReader,jump,1667,1673
com.fasterxml.jackson.databind.ObjectReader,jump,1674,1675
com.fasterxml.jackson.databind.ObjectReader,jump,1679,1680
com.fasterxml.jackson.databind.ObjectReader,jump,1681,1682
com.fasterxml.jackson.databind.ObjectReader,jump,1686,1687
com.fasterxml.jackson.databind.ObjectReader,jump,1691,1692
com.fasterxml.jackson.databind.ObjectReader,jump,1695,1696
com.fasterxml.jackson.databind.ObjectReader,jump,1726,1727
com.fasterxml.jackson.databind.ObjectReader,jump,1731,1732
com.fasterxml.jackson.databind.ObjectReader,jump,1737,1738
com.fasterxml.jackson.databind.ObjectReader,jump,1745,1746
com.fasterxml.jackson.databind.ObjectReader,jump,1752,1753
com.fasterxml.jackson.databind.ObjectReader,jump,1757,1758
com.fasterxml.jackson.databind.ObjectReader,jump,1769,1780
com.fasterxml.jackson.databind.ObjectReader,jump,1781,1782
com.fasterxml.jackson.databind.ObjectReader,jump,1783,1784
com.fasterxml.jackson.databind.ObjectReader,jump,1784,1785
com.fasterxml.jackson.databind.ObjectReader,jump,1802,1803
com.fasterxml.jackson.databind.ObjectReader,jump,1813,1814
com.fasterxml.jackson.databind.ObjectReader,jump,1819,1820
com.fasterxml.jackson.databind.ObjectReader,jump,1830,1831
com.fasterxml.jackson.databind.ObjectReader,jump,1836,1837
com.fasterxml.jackson.databind.ObjectReader,jump,1847,1848
com.fasterxml.jackson.databind.ObjectReader,jump,1878,1879
com.fasterxml.jackson.databind.ObjectReader,jump,1879,1880
com.fasterxml.jackson.databind.ObjectReader,jump,1922,1923
com.fasterxml.jackson.databind.ObjectReader,jump,1928,1929
com.fasterxml.jackson.databind.ObjectReader,jump,1934,1935
com.fasterxml.jackson.databind.ObjectReader,jump,1939,1940
com.fasterxml.jackson.databind.ObjectReader,jump,1953,1955
com.fasterxml.jackson.databind.ObjectReader,jump,1956,1957
com.fasterxml.jackson.databind.ObjectReader,jump,1972,1973
com.fasterxml.jackson.databind.ObjectReader,jump,1977,1980
com.fasterxml.jackson.databind.ObjectReader,jump,1982,1983
