org.apache.commons.cli.HelpFormatter,jump,346,348
org.apache.commons.cli.HelpFormatter,jump,502,504
org.apache.commons.cli.HelpFormatter,jump,507,509
org.apache.commons.cli.HelpFormatter,jump,516,518
org.apache.commons.cli.HelpFormatter,jump,523,525
org.apache.commons.cli.HelpFormatter,jump,551,554
org.apache.commons.cli.HelpFormatter,jump,560,563
org.apache.commons.cli.HelpFormatter,jump,563,566
org.apache.commons.cli.HelpFormatter,jump,583,585
org.apache.commons.cli.HelpFormatter,jump,604,606
org.apache.commons.cli.HelpFormatter,jump,612,615
org.apache.commons.cli.HelpFormatter,jump,617,619
org.apache.commons.cli.HelpFormatter,jump,623,625
org.apache.commons.cli.HelpFormatter,jump,638,640
org.apache.commons.cli.HelpFormatter,jump,643,645
org.apache.commons.cli.HelpFormatter,jump,653,655
org.apache.commons.cli.HelpFormatter,jump,655,656
org.apache.commons.cli.HelpFormatter,jump,660,662
org.apache.commons.cli.HelpFormatter,jump,763,765
org.apache.commons.cli.HelpFormatter,jump,768,770
org.apache.commons.cli.HelpFormatter,jump,776,778
org.apache.commons.cli.HelpFormatter,jump,782,784
org.apache.commons.cli.HelpFormatter,jump,785,788
org.apache.commons.cli.HelpFormatter,jump,792,793
org.apache.commons.cli.HelpFormatter,jump,793,797
org.apache.commons.cli.HelpFormatter,jump,798,799
org.apache.commons.cli.HelpFormatter,jump,803,805
org.apache.commons.cli.HelpFormatter,jump,808,810
org.apache.commons.cli.HelpFormatter,jump,817,819
org.apache.commons.cli.HelpFormatter,jump,824,826
org.apache.commons.cli.HelpFormatter,jump,849,851
org.apache.commons.cli.HelpFormatter,jump,857,860
org.apache.commons.cli.HelpFormatter,jump,872,874
org.apache.commons.cli.HelpFormatter,jump,879,881
org.apache.commons.cli.HelpFormatter,jump,906,909
org.apache.commons.cli.HelpFormatter,jump,911,913
org.apache.commons.cli.HelpFormatter,jump,923,925
org.apache.commons.cli.HelpFormatter,jump,929,931
org.apache.commons.cli.HelpFormatter,jump,939,941
org.apache.commons.cli.HelpFormatter,jump,944,956
org.apache.commons.cli.HelpFormatter,jump,958,960
org.apache.commons.cli.HelpFormatter,jump,975,977
org.apache.commons.cli.HelpFormatter,jump,982,984
org.apache.commons.cli.Option,jump,130,132
org.apache.commons.cli.Option,jump,158,160
org.apache.commons.cli.Option,jump,247,257
org.apache.commons.cli.Option,jump,257,267
org.apache.commons.cli.Option,jump,328,338
org.apache.commons.cli.Option,jump,338,348
org.apache.commons.cli.Option,jump,380,390
org.apache.commons.cli.Option,switch,400,403,406
org.apache.commons.cli.Option,jump,424,427
org.apache.commons.cli.Option,jump,433,436
org.apache.commons.cli.Option,jump,436,438
org.apache.commons.cli.Option,jump,467,469
org.apache.commons.cli.Option,jump,485,502
org.apache.commons.cli.Option,jump,502,517
org.apache.commons.cli.Option,jump,519,531
org.apache.commons.cli.Option,jump,531,540
org.apache.commons.cli.Option,jump,554,556
org.apache.commons.cli.Option,jump,561,563
org.apache.commons.cli.Option,jump,565,567
org.apache.commons.cli.Option,jump,572,574
org.apache.commons.cli.Option,jump,594,596
org.apache.commons.cli.Option,jump,598,600
org.apache.commons.cli.Option,jump,606,608
org.apache.commons.cli.Option,jump,610,612
org.apache.commons.cli.Option,jump,621,622
org.apache.commons.cli.Option,jump,622,623
org.apache.commons.cli.Option,jump,681,692
org.apache.commons.cli.Option,jump,692,694
org.apache.commons.cli.Option,jump,696,698
org.apache.commons.cli.Option,jump,698,702
org.apache.commons.cli.OptionBuilder,jump,123,125
org.apache.commons.cli.OptionBuilder,jump,330,332
