org.mockito.internal.stubbing.defaultanswers.ReturnsEmptyValues,jump,64,65
org.mockito.internal.stubbing.defaultanswers.ReturnsEmptyValues,jump,67,68
org.mockito.internal.stubbing.defaultanswers.ReturnsEmptyValues,jump,72,76
org.mockito.internal.stubbing.defaultanswers.ReturnsEmptyValues,jump,84,85
org.mockito.internal.stubbing.defaultanswers.ReturnsEmptyValues,jump,88,89
org.mockito.internal.stubbing.defaultanswers.ReturnsEmptyValues,jump,90,91
org.mockito.internal.stubbing.defaultanswers.ReturnsEmptyValues,jump,92,93
org.mockito.internal.stubbing.defaultanswers.ReturnsEmptyValues,jump,94,95
org.mockito.internal.stubbing.defaultanswers.ReturnsEmptyValues,jump,96,97
org.mockito.internal.stubbing.defaultanswers.ReturnsEmptyValues,jump,98,99
org.mockito.internal.stubbing.defaultanswers.ReturnsEmptyValues,jump,100,101
org.mockito.internal.stubbing.defaultanswers.ReturnsEmptyValues,jump,102,103
org.mockito.internal.stubbing.defaultanswers.ReturnsEmptyValues,jump,104,105
org.mockito.internal.stubbing.defaultanswers.ReturnsEmptyValues,jump,106,107
org.mockito.internal.stubbing.defaultanswers.ReturnsEmptyValues,jump,108,109
org.mockito.internal.stubbing.defaultanswers.ReturnsEmptyValues,jump,110,111
org.mockito.internal.stubbing.defaultanswers.ReturnsEmptyValues,jump,112,113
org.mockito.internal.stubbing.defaultanswers.ReturnsEmptyValues,jump,114,115
