org.apache.commons.compress.archivers.zip.ZipArchiveInputStream,jump,222,223
org.apache.commons.compress.archivers.zip.ZipArchiveInputStream,jump,225,226
org.apache.commons.compress.archivers.zip.ZipArchiveInputStream,jump,232,237
org.apache.commons.compress.archivers.zip.ZipArchiveInputStream,jump,246,247
org.apache.commons.compress.archivers.zip.ZipArchiveInputStream,jump,251,252
org.apache.commons.compress.archivers.zip.ZipArchiveInputStream,jump,264,265
org.apache.commons.compress.archivers.zip.ZipArchiveInputStream,jump,278,279
org.apache.commons.compress.archivers.zip.ZipArchiveInputStream,jump,301,302
org.apache.commons.compress.archivers.zip.ZipArchiveInputStream,jump,309,310
org.apache.commons.compress.archivers.zip.ZipArchiveInputStream,jump,320,321
org.apache.commons.compress.archivers.zip.ZipArchiveInputStream,jump,321,322
org.apache.commons.compress.archivers.zip.ZipArchiveInputStream,switch,323,325,328,334,337,343
org.apache.commons.compress.archivers.zip.ZipArchiveInputStream,jump,346,347
org.apache.commons.compress.archivers.zip.ZipArchiveInputStream,jump,362,363
org.apache.commons.compress.archivers.zip.ZipArchiveInputStream,jump,366,369
org.apache.commons.compress.archivers.zip.ZipArchiveInputStream,jump,385,386
org.apache.commons.compress.archivers.zip.ZipArchiveInputStream,jump,386,387
org.apache.commons.compress.archivers.zip.ZipArchiveInputStream,jump,387,389
org.apache.commons.compress.archivers.zip.ZipArchiveInputStream,jump,412,413
org.apache.commons.compress.archivers.zip.ZipArchiveInputStream,jump,414,417
org.apache.commons.compress.archivers.zip.ZipArchiveInputStream,jump,422,423
org.apache.commons.compress.archivers.zip.ZipArchiveInputStream,jump,426,427
org.apache.commons.compress.archivers.zip.ZipArchiveInputStream,jump,431,432
org.apache.commons.compress.archivers.zip.ZipArchiveInputStream,jump,436,437
org.apache.commons.compress.archivers.zip.ZipArchiveInputStream,jump,442,443
org.apache.commons.compress.archivers.zip.ZipArchiveInputStream,jump,444,445
org.apache.commons.compress.archivers.zip.ZipArchiveInputStream,jump,446,450
org.apache.commons.compress.archivers.zip.ZipArchiveInputStream,jump,456,457
org.apache.commons.compress.archivers.zip.ZipArchiveInputStream,jump,468,469
org.apache.commons.compress.archivers.zip.ZipArchiveInputStream,jump,469,470
org.apache.commons.compress.archivers.zip.ZipArchiveInputStream,jump,476,477
org.apache.commons.compress.archivers.zip.ZipArchiveInputStream,jump,480,481
org.apache.commons.compress.archivers.zip.ZipArchiveInputStream,jump,483,484
org.apache.commons.compress.archivers.zip.ZipArchiveInputStream,jump,493,495
org.apache.commons.compress.archivers.zip.ZipArchiveInputStream,jump,507,508
org.apache.commons.compress.archivers.zip.ZipArchiveInputStream,jump,508,509
org.apache.commons.compress.archivers.zip.ZipArchiveInputStream,jump,510,511
org.apache.commons.compress.archivers.zip.ZipArchiveInputStream,jump,514,515
org.apache.commons.compress.archivers.zip.ZipArchiveInputStream,jump,528,529
org.apache.commons.compress.archivers.zip.ZipArchiveInputStream,jump,530,531
org.apache.commons.compress.archivers.zip.ZipArchiveInputStream,jump,532,533
org.apache.commons.compress.archivers.zip.ZipArchiveInputStream,jump,543,544
org.apache.commons.compress.archivers.zip.ZipArchiveInputStream,jump,549,550
org.apache.commons.compress.archivers.zip.ZipArchiveInputStream,jump,576,577
org.apache.commons.compress.archivers.zip.ZipArchiveInputStream,jump,578,579
org.apache.commons.compress.archivers.zip.ZipArchiveInputStream,jump,580,581
org.apache.commons.compress.archivers.zip.ZipArchiveInputStream,jump,581,582
org.apache.commons.compress.archivers.zip.ZipArchiveInputStream,jump,601,602
org.apache.commons.compress.archivers.zip.ZipArchiveInputStream,jump,605,612
org.apache.commons.compress.archivers.zip.ZipArchiveInputStream,jump,612,613
org.apache.commons.compress.archivers.zip.ZipArchiveInputStream,jump,613,614
org.apache.commons.compress.archivers.zip.ZipArchiveInputStream,jump,639,640
org.apache.commons.compress.archivers.zip.ZipArchiveInputStream,jump,642,643
org.apache.commons.compress.archivers.zip.ZipArchiveInputStream,jump,647,648
org.apache.commons.compress.archivers.zip.ZipArchiveInputStream,jump,653,658
org.apache.commons.compress.archivers.zip.ZipArchiveInputStream,jump,661,662
org.apache.commons.compress.archivers.zip.ZipArchiveInputStream,jump,667,668
org.apache.commons.compress.archivers.zip.ZipArchiveInputStream,jump,672,673
org.apache.commons.compress.archivers.zip.ZipArchiveInputStream,jump,690,699
org.apache.commons.compress.archivers.zip.ZipArchiveInputStream,jump,700,701
org.apache.commons.compress.archivers.zip.ZipArchiveInputStream,jump,702,703
org.apache.commons.compress.archivers.zip.ZipArchiveInputStream,jump,728,729
org.apache.commons.compress.archivers.zip.ZipArchiveInputStream,jump,729,730
org.apache.commons.compress.archivers.zip.ZipArchiveInputStream,jump,737,738
org.apache.commons.compress.archivers.zip.ZipArchiveInputStream,jump,741,742
org.apache.commons.compress.archivers.zip.ZipArchiveInputStream,jump,752,753
org.apache.commons.compress.archivers.zip.ZipArchiveInputStream,jump,760,762
org.apache.commons.compress.archivers.zip.ZipArchiveInputStream,jump,780,781
org.apache.commons.compress.archivers.zip.ZipArchiveInputStream,jump,798,828
org.apache.commons.compress.archivers.zip.ZipArchiveInputStream,jump,833,835
org.apache.commons.compress.archivers.zip.ZipArchiveInputStream,jump,835,836
org.apache.commons.compress.archivers.zip.ZipArchiveInputStream,jump,837,840
org.apache.commons.compress.archivers.zip.ZipArchiveInputStream,jump,842,844
org.apache.commons.compress.archivers.zip.ZipArchiveInputStream,jump,849,850
org.apache.commons.compress.archivers.zip.ZipArchiveInputStream,jump,875,876
org.apache.commons.compress.archivers.zip.ZipArchiveInputStream,jump,876,877
org.apache.commons.compress.archivers.zip.ZipArchiveInputStream,jump,877,880
org.apache.commons.compress.archivers.zip.ZipArchiveInputStream,jump,883,885
org.apache.commons.compress.archivers.zip.ZipArchiveInputStream,jump,888,893
org.apache.commons.compress.archivers.zip.ZipArchiveInputStream,jump,913,914
org.apache.commons.compress.archivers.zip.ZipArchiveInputStream,jump,968,969
org.apache.commons.compress.archivers.zip.ZipArchiveInputStream,jump,970,971
org.apache.commons.compress.archivers.zip.ZipArchiveInputStream,jump,974,975
org.apache.commons.compress.archivers.zip.ZipArchiveInputStream,jump,975,976
org.apache.commons.compress.archivers.zip.ZipArchiveInputStream,jump,982,983
org.apache.commons.compress.archivers.zip.ZipArchiveInputStream,jump,983,984
org.apache.commons.compress.archivers.zip.ZipArchiveInputStream,jump,990,992
org.apache.commons.compress.archivers.zip.ZipArchiveInputStream,jump,1006,1007
org.apache.commons.compress.archivers.zip.ZipArchiveInputStream,jump,1008,1009
org.apache.commons.compress.archivers.zip.ZipArchiveInputStream,jump,1010,1011
org.apache.commons.compress.archivers.zip.ZipArchiveInputStream,jump,1011,1012
org.apache.commons.compress.archivers.zip.ZipArchiveInputStream,jump,1030,1031
org.apache.commons.compress.archivers.zip.ZipArchiveInputStream$BoundedInputStream,jump,1115,1116
org.apache.commons.compress.archivers.zip.ZipArchiveInputStream$BoundedInputStream,jump,1132,1133
org.apache.commons.compress.archivers.zip.ZipArchiveInputStream$BoundedInputStream,jump,1135,1136
org.apache.commons.compress.archivers.zip.ZipArchiveInputStream$BoundedInputStream,jump,1138,1139
org.apache.commons.compress.archivers.zip.ZipArchiveInputStream$BoundedInputStream,jump,1150,1151
org.apache.commons.compress.archivers.zip.ZipArchiveInputStream$BoundedInputStream,jump,1158,1159
